<?xml version="1.0" encoding="UTF-8"?>
<project-private xmlns="http://www.netbeans.org/ns/project-private/1">
    <editor-bookmarks xmlns="http://www.netbeans.org/ns/editor-bookmarks/2" lastBookmarkId="0"/>
    <open-files xmlns="http://www.netbeans.org/ns/projectui-open-files/2">
        <group>
            <file>file:/home/srki-035/NetBeansProjects/Crud_php/AddData.php</file>
            <file>file:/home/srki-035/NetBeansProjects/Crud_php/Operation.php</file>
            <file>file:/home/srki-035/NetBeansProjects/Crud_php/DbCon.php</file>
            <file>file:/home/srki-035/NetBeansProjects/Crud_php/ViewRecord.php</file>
            <file>file:/home/srki-035/NetBeansProjects/Crud_php/Add.php</file>
        </group>
    </open-files>
</project-private>
